date,cases
2024-01-01,12
2024-01-02,9
2024-01-03,15
2024-01-04,6
2024-01-05,8
2024-01-06,10
2024-01-07,6
2024-01-08,11
2024-01-09,10
2024-01-10,13
2024-01-11,8
2024-01-12,7
2024-01-13,8
2024-01-14,14
2024-01-15,13
2024-01-16,11
2024-01-17,9
2024-01-18,11
2024-01-19,10
2024-01-20,14
2024-01-21,10
2024-01-22,14
2024-01-23,12
2024-01-24,17
2024-01-25,14
2024-01-26,14
2024-01-27,10
2024-01-28,10
2024-01-29,9
2024-01-30,9
2024-01-31,8
2024-02-01,6
2024-02-02,12
2024-02-03,13
2024-02-04,13
2024-02-05,13
2024-02-06,11
2024-02-07,8
2024-02-08,9
2024-02-09,11
2024-02-10,14
2024-02-11,9
2024-02-12,8
2024-02-13,8
2024-02-14,8
2024-02-15,10
2024-02-16,15
2024-02-17,8
2024-02-18,12
2024-02-19,16
2024-02-20,13
2024-02-21,8
2024-02-22,12
2024-02-23,12
2024-02-24,12
2024-02-25,9
2024-02-26,9
2024-02-27,11
2024-02-28,11
2024-02-29,6
2024-03-01,10
2024-03-02,7
2024-03-03,9
2024-03-04,6
2024-03-05,8
2024-03-06,13
2024-03-07,11
2024-03-08,10
2024-03-09,14
2024-03-10,11
2024-03-11,17
2024-03-12,6
2024-03-13,11
2024-03-14,9
2024-03-15,3
2024-03-16,19
2024-03-17,27
2024-03-18,29
2024-03-19,39
2024-03-20,41
2024-03-21,50
2024-03-22,56
2024-03-23,59
2024-03-24,65
2024-03-25,67
2024-03-26,9
2024-03-27,13
2024-03-28,15
2024-03-29,10
2024-03-30,10
